colonia_geo,alcaldia_geo,n_listings,precio_promedio,ingreso_anual_promedio,ocupacion_promedio,dist_transporte_promedio,tasa_crimen,reviews_promedio,score_precio,score_ocupacion,score_seguridad,score_transporte,score_total
lomas de san bernabe,la magdalena contreras,5,1389.2,496152.8,0.883287671232877,0.0992134772180408,0.000724017639702495,12.4,0.866509981130687,4.53988164782004,0.170248526029897,0.494204510462252,1.75480809598365
estadio olimpico mexico 68,coyoacan,7,2765,388004.714285714,0.470841487279843,0.158628441926565,0.000197459356282499,16.8571428571429,3.64553394324421,1.19758363208928,0.397444294216136,0.191039343475423,1.57063200013836
rincon del pedregal,tlalpan,7,3324.42857142857,736654.714285714,0.316242661448141,0.149181723035296,6.58197854274995e-05,7.85714285714286,4.77554223303265,-0.0552230828600967,0.454243236262695,0.23924127583706,1.55479264747172
24 de abril,venustiano carranza,24,1632.04166666667,430795.791666667,0.643607305936073,0.0867633471916179,6.58197854274995e-05,65.2083333333333,1.35703390224295,2.59760835130591,0.454243236262695,0.557731363789268,1.38878759607505
7 de noviembre,gustavo a madero,5,789.8,239367.4,0.827945205479452,0.0553820978246393,0.000197459356282499,49.6,-0.344237920374507,4.09140856049386,0.397444294216136,0.717854352185665,1.34721092131617
san jose del olivar,alvaro obregon,6,2545.16666666667,488103.666666667,0.455707762557078,0.230479614056141,0.000197459356282499,5.5,3.20148531626018,1.07494601273558,0.397444294216136,-0.175581636671979,1.32730193020756
molino del rey,miguel hidalgo,106,2593.2358490566,393834.924528302,0.422150426466787,0.190488282000619,0.000131639570854999,63.8679245283019,3.29858184896904,0.803010855637465,0.425843765239416,0.0284743435026362,1.32134143313036
lomas de chapultepec iv seccion (lomas virreyes),miguel hidalgo,18,2742.88888888889,508600.888888889,0.391780821917808,0.207788849578092,0.000131639570854999,20.7777777777778,3.60087097798274,0.556907793051876,0.425843765239416,-0.059801892700173,1.32054200581823
del maestro,azcapotzalco,6,687,193170,0.74337899543379,0.0545587458119785,0.000131639570854999,37.6666666666667,-0.551887043288645,3.40611800131227,0.425843765239416,0.722055510120064,1.08584914247898
san angel inn,alvaro obregon,6,2372.83333333333,391347.833333333,0.365296803652968,0.161424952526209,6.58197854274995e-05,32.6666666666667,2.85338351163435,0.342291959182911,0.454243236262695,0.176770133570467,1.08490531521181
contadero,cuajimalpa de morelos,11,1236.09090909091,312118,0.638356164383562,0.228099025204765,0.000329098927137498,160.545454545455,0.557239860143784,2.55505521183189,0.340645352169576,-0.163434669654577,0.969130658095702
polanco,miguel hidalgo,518,2960.02702702703,322937.131274131,0.289517110065055,0.205369031654821,0.00342262884222997,55.034749034749,4.03947549097489,-0.271796203990415,-0.994129785924575,-0.0474547591390397,0.92198687708262
bosque de chapultepec i seccion,miguel hidalgo,25,3197.52,197146.44,0.165917808219178,0.267532777189434,0.000921476995984993,41.44,4.51919540864132,-1.27339524255062,0.0850501129600574,-0.364645594612584,0.917820953496705
hipodromo condesa,cuauhtemoc,468,2177.09401709402,267160.591880342,0.335938414705538,0.112507607055636,0.000592378068847496,57.9059829059829,2.45800318734537,0.104383381187143,0.227047468076456,0.426371143701352,0.899399692915314
ampliacion granada,miguel hidalgo,316,2081.31329113924,284622.522151899,0.38148950927692,0.226266835610257,0.000658197854274995,47.5506329113924,2.26453252842913,0.473511133906592,0.198647997053177,-0.154085912702597,0.830325515570834
paseo de las lomas,cuajimalpa de morelos,28,818.285714285714,177917.107142857,0.605577299412916,0.109601236085066,6.58197854274995e-05,20.1785714285714,-0.286698683146771,2.28942847163693,0.454243236262695,0.441200916721352,0.779907767143857
pedregal de la zorra,coyoacan,20,1785.8,160059.05,0.369452054794521,0.110696828779987,0.000197459356282499,38.85,1.66761544949398,0.375964443462352,0.397444294216136,0.435610649287301,0.779684956587588
condesa,cuauhtemoc,966,2093.63043478261,258672.324016563,0.322955841061857,0.113822038680375,0.00118475613769499,82.4503105590062,2.28941233459988,-0.000822174874678057,-0.0285477711330616,0.419664249487723,0.764800343588493
bosques de tetlameya,coyoacan,5,663.8,145273,0.630684931506849,0.0879997716557338,0.000197459356282499,19.8,-0.598749491261485,2.49289062546985,0.397444294216136,0.551422501519145,0.758015699409564
moderna,iztacalco,10,907.8,184836.9,0.595616438356164,0.161210319176254,6.58197854274995e-05,59.3,-0.10588581430575,2.20870965924336,0.454243236262695,0.177865301356888,0.757268861005198
pedregal del maurel,coyoacan,5,863.6,183228.4,0.642739726027397,0.240465784264422,0.000197459356282499,76.8,-0.19516685742642,2.5905778326102,0.397444294216136,-0.226536122189294,0.752804926960503
hipodromo,miguel hidalgo,273,1830.58241758242,226483.358974359,0.317948717948718,0.0832686163217512,6.58197854274995e-05,40.2490842490843,1.75807293716873,-0.041397887044362,0.454243236262695,0.575563246260876,0.720963811542024
altavista,alvaro obregon,9,1974.22222222222,265295.333333333,0.328158295281583,0.19892566686479,6.58197854274995e-05,33.8888888888889,2.04821573336536,0.0413364220333293,0.454243236262695,-0.0145774567269354,0.714798802526758
lomas de sotelo,miguel hidalgo,5,1253,209744.8,0.490958904109589,0.111098157498985,0.000724017639702495,40.6,0.591395092600478,1.36060708816117,0.170248526029897,0.433562867407625,0.706362932915999
villa tlalpan,tlalpan,6,1076,193202,0.501369863013699,0.0818692083165321,0.000131639570854999,41.5,0.233866933497342,1.44497331250966,0.425843765239416,0.582703732898649,0.705361573429714
lomas axomiatla,alvaro obregon,6,403.333333333333,94879.1666666667,0.652511415525114,0.0533560387711916,6.58197854274995e-05,17.5,-1.12487473330139,2.66976367476186,0.454243236262695,0.728192329061977,0.699953795503074
acasulco,coyoacan,15,694.266666666667,142249,0.60675799086758,0.120840456353705,0.000131639570854999,33.7333333333333,-0.537208862745427,2.29899632038823,0.425843765239416,0.383852736742461,0.690475537689216
granada,miguel hidalgo,260,1991.28076923077,242306.311538462,0.329241306638567,0.0869938195688757,0.00184295399196999,76.4615384615385,2.08267285714468,0.0501127105536119,-0.312542481365862,0.556555377283511,0.688638249493017
santa cruz de las salinas,azcapotzalco,24,972.25,238885.791666667,0.601826484018265,0.292044934237829,0.000131639570854999,23.9166666666667,0.0242988741360412,2.25903337201263,0.425843765239416,-0.489719003664326,0.672224626159619
rincon del bosque,miguel hidalgo,225,1922.77777777778,226937.048888889,0.292334855403349,0.1116466175147,0.000329098927137498,65.9244444444445,1.94430139710374,-0.24896232888276,0.340645352169576,0.430764347319875,0.662883660364185
mariano escobedo,miguel hidalgo,103,1706.60194174757,213757.805825243,0.323340869796516,0.0649763795732836,0.000263279141709998,46.5242718446602,1.5076406699938,0.00229794315748803,0.369044823192856,0.668899479575446,0.660570444499046
tlacamaca,gustavo a madero,10,1080.5,159046.1,0.508219178082192,0.137856834799261,0.000263279141709998,30.5,0.242956632457592,1.50047740747577,0.369044823192856,0.297026577065928,0.656244492031766
fraccionamiento coyuya,iztacalco,7,1186.57142857143,254459.714285714,0.496673189823875,0.149916633237561,0.000592378068847496,47.7142857142857,0.457213822234894,1.40691336167576,0.227047468076456,0.235491392701002,0.651745927328687
prado coapa 2a seccion,tlalpan,16,1078.125,241895.375,0.517123287671233,0.177931917790804,0.000197459356282499,24.125,0.238159291339682,1.57263273093172,0.397444294216136,0.0925432573039111,0.641235116985429
barrio santa catarina,coyoacan,57,1959.50877192982,165329.859649123,0.313145878394617,0.183823181025885,0.000724017639702495,60.5438596491228,2.01849554807103,-0.0803181674011657,0.170248526029897,0.0624830559524731,0.627999530597432
barrio oxtopulco universidad,coyoacan,7,1654.85714285714,102866.428571429,0.381213307240705,0.135272330652012,0.00111893635226749,37.8571428571429,1.40311963784432,0.47127290367559,-0.000148300109781487,0.310214022942953,0.624330907022607
hipodromo,cuauhtemoc,1342,2204.15871833085,265990.206408346,0.315905518241022,0.0937526114706098,0.00368590798393997,55.6363636363636,2.5126720732769,-0.0579551558335188,-1.1077276700177,0.522068606390513,0.619283262507577
lomas de santa fe,cuajimalpa de morelos,80,1821.85,219193.3875,0.322602739726027,0.117306862432789,0.000921476995984993,45.2375,1.74043403783109,-0.00368356610585038,0.0850501129600574,0.401882918134532,0.61841174773649
centro urbano benito juarez,cuauhtemoc,367,1548.62397820164,198510.114441417,0.337180396401777,0.0808634843486675,0.000197459356282499,46.4850136239782,1.18853575199695,0.114447901409217,0.397444294216136,0.587835444684663,0.58795104380201
el caracol,coyoacan,17,1564.47058823529,232904.294117647,0.395970991136181,0.211111834831492,0.000460738497992497,39.1176470588235,1.22054484416282,0.590863239384086,0.283846410123016,-0.0767574422689401,0.584840218634888
olimpica,coyoacan,11,1195.54545454545,158634.272727273,0.440348692403487,0.12704999282997,0.000131639570854999,25.2727272727273,0.475340754360528,0.950482284629758,0.425843765239416,0.35216854451963,0.583349373648895
cantera,tlalpan,6,2538,58803.1666666667,0.201826484018265,0.356432736761348,0.000131639570854999,56.8333333333333,3.1870091290272,-0.982405774008283,0.425843765239416,-0.818258101511451,0.582898139251267
aragon la villa,gustavo a madero,6,732.333333333333,161185.666666667,0.581735159817352,0.107509333931745,0.00118475613769499,33.6666666666667,-0.46031674265206,2.09622136011204,-0.0285477711330616,0.451874858357818,0.575436802682944
dos lagos,miguel hidalgo,68,1611.48529411765,166637.941176471,0.325624496373892,0.0986929409256557,0.000263279141709998,57.0882352941177,1.31551140486843,0.020803534614493,0.369044823192856,0.496860549606225,0.574075556404695
san miguel chapultepec,miguel hidalgo,117,1534.48717948718,191551.316239316,0.400140498770636,0.108430796525336,0.00171131442111499,47.8547008547009,1.15998036431339,0.624651252548976,-0.255743539319302,0.447173090673052,0.573675395329459
barrio san francisco,la magdalena contreras,5,1670.2,198173.6,0.335342465753425,0.178026758796454,0.000131639570854999,35,1.43411118287069,0.099554050531117,0.425843765239416,0.0920593305784457,0.563680189184115
reforma social,miguel hidalgo,110,1611.36363636364,179180.590909091,0.32453300124533,0.126194284545963,0.000197459356282499,77.2545454545455,1.31526566434396,0.0119584970209631,0.397444294216136,0.356534800497153,0.548963067352135
observatorio,miguel hidalgo,20,1380.05,244160.15,0.390684931506849,0.0962552895804436,0.000855657210557494,79.55,0.848027593244847,0.548027137857298,0.113449583983337,0.509298678295728,0.543366071786457
irrigacion,miguel hidalgo,222,1894.10810810811,179392.815315315,0.279094162655807,0.117363889971186,0.00111893635226749,41.9684684684685,1.88639058230661,-0.356259578363555,-0.000148300109781487,0.401591934822742,0.539328028125509
la cruz coyuya,iztacalco,7,1252.85714285714,207707,0.457142857142857,0.2208985329759,0.000526558283419996,53.8571428571429,0.591106530728724,1.08657544215705,0.255446939099737,-0.126694120541066,0.529055155577468
agricultura,miguel hidalgo,43,890.372093023256,149156.837209302,0.506849315068493,0.112141551073792,0.000789837425129994,26.6279069767442,-0.14108902051149,1.48937658848255,0.141849055006617,0.428238946255923,0.518503870643826
palo alto,cuajimalpa de morelos,19,2166.73684210526,147994.842105263,0.179379956741168,0.161663846028137,6.58197854274995e-05,15.3684210526316,2.4370823867395,-1.1643034045288,0.454243236262695,0.175551178232204,0.507792577562189
florida,alvaro obregon,11,1204.54545454545,217273.909090909,0.448318804483188,0.215389532327815,0.000263279141709998,41,0.493520152281027,1.01506886786305,0.369044823192856,-0.0985844160314269,0.506668787475509
romero rubio,venustiano carranza,14,1074.5,192603.071428571,0.458121330724071,0.0927683364565674,0.00111893635226749,50.5714285714286,0.230837033843926,1.09450459858079,-0.000148300109781487,0.527090874777896,0.502991004661036
industrial puerto aereo,venustiano carranza,5,2424,112463.4,0.12,0.15152671809865,0.000394918712564997,58,2.95673675536755,-1.64549469520343,0.312245881146296,0.227275926308488,0.501276979540193
valle escondido,tlalpan,5,773.4,196207,0.57972602739726,0.311901614015068,6.58197854274995e-05,16.2,-0.37736482325186,2.07994015892198,0.454243236262695,-0.591037815684204,0.483413684816733
roma sur,benito juarez,361,1380.63434903047,173107.487534626,0.356263044055705,0.142577438155519,6.58197854274995e-05,40.612188365651,0.849207939194779,0.269086004197137,0.454243236262695,0.272939673845511,0.480924765039216
los cipreses,coyoacan,5,476,104134.8,0.584657534246575,0.149704355575069,6.58197854274995e-05,22.4,-0.978092927869218,2.11990310729758,0.454243236262695,0.236574540579866,0.48070660919702
villa coyoacan,coyoacan,106,1496.12264150943,208184.330188679,0.383742569139312,0.238094584841733,0.000592378068847496,87.6320754716981,1.08248656409855,0.491769024997308,0.227047468076456,-0.21443706478069,0.474798757387912
pedregal de las aguilas,tlalpan,5,552,116406,0.541369863013699,0.0961722784634374,0.000263279141709998,31.2,-0.824578012096121,1.76911722711175,0.369044823192856,0.509722242952753,0.459115177733811
popo,miguel hidalgo,10,1829.9,159901.3,0.247397260273973,0.15379080108629,0.000329098927137498,55.2,1.75669449930443,-0.613118528833755,0.340645352169576,0.215723431067818,0.45434654778868
maza,cuauhtemoc,11,976.818181818182,147808.363636364,0.43760896637609,0.111463825806728,0.000329098927137498,72,0.0335262958078095,0.928280646643313,0.340645352169576,0.431697042962177,0.443010561761687
tlalpan centro i,tlalpan,7,897.714285714286,221646.428571429,0.549510763209393,0.262282347419723,0.00125057592312249,23.7142857142857,-0.126258282451579,1.83508780855719,-0.0569472421563416,-0.337855249357043,0.433688359529006
barrio san lucas,coyoacan,53,1647.71698113208,135836.603773585,0.275213233393642,0.15404626880067,0.000329098927137498,24.9811320754717,1.38869698882024,-0.387709068446852,0.340645352169576,0.214419905724168,0.411309427690765
lomas de chapultepec i seccion,miguel hidalgo,35,1906.17142857143,224353.742857143,0.24187866927593,0.171891685762329,0.00118475613769499,33.4571428571429,1.91075768263386,-0.657838971063593,-0.0285477711330616,0.12336357269979,0.394838773784424
argentina antigua,miguel hidalgo,5,452.6,94604.6,0.557260273972603,0.0807555350450925,0.000987296781412493,99.8,-1.02535936246251,1.89788672743313,0.0566506419367773,0.588386256568587,0.390765589192258
torres del maurel,coyoacan,19,935.947368421053,143286.473684211,0.42451333813987,0.143306407716964,6.58197854274995e-05,39.2105263157895,-0.0490300130900628,0.822158941626767,0.454243236262695,0.269220102860191,0.376631346385589
insurgentes cuicuilco,coyoacan,12,1217.91666666667,168501.5,0.374657534246575,0.181565195092492,0.000197459356282499,60,0.520529106262239,0.418147555636597,0.397444294216136,0.0740044409420823,0.375892745601294
san jose insurgentes,benito juarez,28,1555.67857142857,176868.392857143,0.325929549902153,0.164310955807548,0.00144803527940499,85.3214285714286,1.20278555837914,0.0232755657348323,-0.142145655226182,0.162044286790892,0.371798063547135
el rosedal,coyoacan,17,889.941176470588,153369.058823529,0.441418211120064,0.150534018032952,0.000263279141709998,56.1764705882353,-0.141959443120543,0.959149234218049,0.369044823192856,0.232341183565843,0.365434138680992
moctezuma 1a seccion,venustiano carranza,21,949.380952380952,176720.666666667,0.48897586431833,0.168275695709954,0.00184295399196999,73,-0.0218950721672358,1.34453733114241,-0.312542481365862,0.141814180781929,0.362647017575766
lago sur,miguel hidalgo,48,1361.97916666667,175114.416666667,0.332933789954338,0.180958037138086,0.000197459356282499,41.6041666666667,0.811525718809106,0.0800351104680348,0.397444294216136,0.0771024675678329,0.362377601139936
sacramento,alvaro obregon,8,1130,136602.75,0.341438356164384,0.0549295267720628,0.000329098927137498,34.125,0.342943321020333,0.148952695050956,0.340645352169576,0.720163598339405,0.359730594923183
general pedro maria anaya,benito juarez,60,1327.53333333333,207907.466666667,0.343059360730594,0.131601902007195,0.000921476995984993,56.4666666666667,0.741947439823568,0.162088664192936,0.0850501129600574,0.328942404226657,0.354009334642294
copilco universidad issste,coyoacan,5,1018.4,84037.4,0.395616438356164,0.146257079139999,6.58197854274995e-05,72,0.117518786806152,0.587990086232899,0.454243236262695,0.25416428655068,0.35333416647439
fernando casas aleman,gustavo a madero,6,1779.66666666667,190345.666666667,0.199543378995434,0.130914173143151,0.000131639570854999,41.5,1.65522652646668,-1.00090713899699,0.425843765239416,0.33245154433862,0.347954878156515
credito constructor,benito juarez,13,1029,132806.615384615,0.370706006322445,0.100016300035849,6.58197854274995e-05,92.1538461538462,0.138930077690295,0.386125962386918,0.454243236262695,0.490108102851548,0.346387079846013
miravalle,benito juarez,11,882.818181818182,125853.090909091,0.430635118306351,0.130314851652585,0.000394918712564997,19.0909090909091,-0.156347415806285,0.871767386314181,0.312245881146296,0.335509585366795,0.344177084454987
mixcoac,benito juarez,22,796.5,116576.545454545,0.468244084682441,0.0760315371094038,0.00164549463568749,56.4090909090909,-0.330704368589247,1.17653532594628,-0.227344068296022,0.612490480648233,0.330778569677553
lomas de reforma,miguel hidalgo,12,1505.41666666667,146069.166666667,0.320091324200913,0.278599411140915,6.58197854274995e-05,21.6666666666667,1.10125987316705,-0.0240350675934245,0.454243236262695,-0.421113152008968,0.329793458522833
anzures,miguel hidalgo,220,1468.39545454545,169198.336363636,0.297945205479452,0.0981637430035815,0.00131639570854999,48.0454545454546,1.02647950131697,-0.203498307983852,-0.0853467131796217,0.499560784760816,0.329737172316175
el reloj,coyoacan,12,1005.66666666667,141680.5,0.431506849315069,0.224018980659393,0.000394918712564997,68.9166666666667,0.0917983053038177,0.878831543855323,0.312245881146296,-0.142616221104125,0.325114886756177
barrio del nino jesus,tlalpan,20,1027.65,130625.35,0.401917808219178,0.190359099083211,0.000197459356282499,26.7,0.136203168002221,0.639053853601721,0.397444294216136,0.0291335000117756,0.317892665326765
militar marte,iztacalco,5,494,103617.4,0.494246575342466,0.0723946104678967,0.000460738497992497,32.2,-0.941734132028222,1.3872490537449,0.283846410123016,0.6310479177855,0.316633342096708
claveria,azcapotzalco,8,775.25,171851,0.554452054794521,0.334596138889845,0.00105311656683999,122.5,-0.373627947012646,1.87513004849702,0.0282511709134985,-0.706836747099899,0.314733515208033
ampliacion del carmen,coyoacan,59,1234.40677966102,150853.93220339,0.32560947295101,0.148116557140149,6.58197854274995e-05,76.3050847457627,0.553838031359825,0.0206817908369006,0.454243236262695,0.244676290366733,0.312139851984903
merced gomez,benito juarez,15,852.8,98036.4666666667,0.390684931506849,0.0656933983748376,0.000263279141709998,25.5333333333333,-0.216982134931018,0.548027137857298,0.369044823192856,0.665240887404733,0.306170642997402
progreso tizapan,alvaro obregon,13,1357.53846153846,145612.307692308,0.297154899894626,0.127990194069381,0.000526558283419996,25.1538461538462,0.80255579152319,-0.209902626633788,0.255446939099737,0.347371162796934,0.298359569846155
ampliacion daniel garza,miguel hidalgo,27,1483.66666666667,202952.407407407,0.249213597158803,0.0812635927430072,0.000658197854274995,132.703703703704,1.05732632819251,-0.59839966513163,0.198647997053177,0.585793889517915,0.294566376232483
ampliacion aviacion civil,venustiano carranza,39,917.74358974359,114115.461538462,0.370776255707763,0.0868775486311143,0.000131639570854999,37.4358974358974,-0.0858004282272052,0.386695235155801,0.425843765239416,0.557148650349229,0.286866925196308
independencia san ramon,la magdalena contreras,5,940.2,140873.4,0.506849315068493,0.427553743287709,0.000131639570854999,15,-0.0404399817919558,1.48937658848255,0.425843765239416,-1.18115340786417,0.283619053482228
la joyita,gustavo a madero,9,998.333333333333,121668.555555556,0.369558599695586,0.131340227984772,0.000197459356282499,53.8888888888889,0.0769854625537821,0.376827840495159,0.397444294216136,0.330277597289433,0.281688369215796
la joya,tlalpan,7,761.571428571429,111442.571428571,0.414090019569472,0.0943714968514421,0.000263279141709998,56,-0.401257746233086,0.737692559512925,0.369044823192856,0.518910740510323,0.278521556724587
pedregal de carrasco,coyoacan,6,753,107353.833333333,0.434703196347032,0.150358171738001,0.000131639570854999,43.5,-0.418571458538323,0.904733454839508,0.425843765239416,0.233238440202016,0.277665039978642
insurgentes mixcoac,benito juarez,15,1059.8,138449.4,0.374794520547945,0.0854540322234821,0.00138221549397749,43.6,0.201144017240445,0.41925763753592,-0.113746184202902,0.564412150235923,0.276253689639514
chimalistac,alvaro obregon,13,1156.76923076923,108785.615384615,0.3536354056902,0.185638505781313,0.000329098927137498,23.0769230769231,0.39701537637361,0.247792679548301,0.340645352169576,0.0532203519297661,0.272215557596442
pueblo quieto,tlalpan,5,771,200472.6,0.461369863013699,0.230699925763741,0.000263279141709998,17.6,-0.382212662697326,1.12082939790757,0.369044823192856,-0.176705778307865,0.260052829540071
zedec santa fe,alvaro obregon,32,1483.46875,165207.09375,0.295291095890411,0.14810840046678,0.00157967485025999,27.4375,1.05692654976602,-0.22500614478322,-0.198944597272742,0.244717909835094,0.25873078400731
xoco,benito juarez,32,1333.65625,165426.90625,0.335616438356164,0.169608067901654,0.00144803527940499,34.53125,0.754315321881056,0.101774214329762,-0.142145655226182,0.1350157447319,0.255400878764389
hacienda san juan,tlalpan,7,567.714285714286,110019.857142857,0.51545988258317,0.261312171357863,6.58197854274995e-05,52.5714285714286,-0.792836206203187,1.55915316501138,0.454243236262695,-0.332904920946629,0.25416275070567
olivar de los padres,alvaro obregon,12,1262.25,211517.75,0.300456621004566,0.094995348426616,0.000855657210557494,29.75,0.610079473796546,-0.183146806496277,0.113449583983337,0.515727534597631,0.253915223906274
pilares aguilas,alvaro obregon,10,1153.6,150734.7,0.327945205479452,0.156418434414037,0.000197459356282499,49.3,0.390613742234084,0.0396096279677167,0.397444294216136,0.202315918322595,0.249019053568286
roma sur,cuauhtemoc,450,1356.83111111111,161490.091111111,0.352700152207002,0.163818658901772,0.00223787270453498,51.2777777777778,0.801126990980075,0.24021376141857,-0.482939307505538,0.164556234317558,0.248725611081997
gabriel ramos millan seccion bramadero,iztacalco,20,959.85,160536.95,0.443424657534247,0.161641247677075,0.00204041334825248,53.3,-0.000748296332200978,0.975408669096357,-0.397740894435698,0.175666486436241,0.247983230229355
cuchilla agricola oriental,iztacalco,31,895.032258064516,118097.870967742,0.386743261157755,0.127930618000796,0.000394918712564997,66.3225806451613,-0.131675798882572,0.516085426431639,0.312245881146296,0.347675149997293,0.247307094493438
tabacalera,cuauhtemoc,731,1336.24213406293,173002.316005472,0.354050559376347,0.0832106246560697,0.00322516948594748,65.8002735978112,0.759538634698415,0.251156918073028,-0.908931372854739,0.575859149037162,0.236594221067917
el jaguey,azcapotzalco,5,965.4,140021.6,0.361095890410959,0.142447205606153,0.000131639570854999,99.6,0.0104623323854396,0.308249447603697,0.425843765239416,0.273604186107184,0.235503124266061
lomas de sotelo i,miguel hidalgo,5,972.6,230401,0.446027397260274,0.340165538458369,0.000263279141709998,12.4,0.0250058507218384,0.996500225183479,0.369044823192856,-0.735254637415766,0.233209859927013
cultura maya,tlalpan,6,437.166666666667,75465.8333333333,0.467123287671233,0.0835174477682177,0.000197459356282499,1.16666666666667,-1.056533663341,1.1674528376791,0.397444294216136,0.574293582508829,0.227623327646424
albert,benito juarez,8,671,105556.5,0.477397260273973,0.222484003417033,0.000526558283419996,25,-0.584205972925086,1.25070898012827,0.255446939099737,-0.134783991727502,0.224083491635402
veronica anzures,miguel hidalgo,169,1342.65088757396,129087.887573965,0.265688579071087,0.138627782289742,0.000329098927137498,42.8579881656805,0.772483888059696,-0.464893036880468,0.340645352169576,0.293092813478984,0.219024888483481
atlamaya,alvaro obregon,9,962.555555555556,85684.4444444444,0.338812785388128,0.101031157242116,0.000263279141709998,50.5555555555556,0.00471674489451668,0.127676125313947,0.369044823192856,0.484929788669001,0.210512783434911
josefa ortiz de dominguez,benito juarez,5,636.8,91114.6,0.404931506849315,0.072627641243188,0.000197459356282499,59,-0.65328768502298,0.66347565538681,0.397444294216136,0.629858877040448,0.208517025360466
santa cruz aviacion,venustiano carranza,33,855.242424242424,106783.121212121,0.375840597758406,0.110824234404819,0.000460738497992497,58.6060606060606,-0.21204860135394,0.42773462658529,0.283846410123016,0.434960561422793,0.208467201878567
general ignacio zaragoza,venustiano carranza,44,1075.09090909091,170809.068181818,0.391780821917808,0.147750445178228,0.00204041334825248,94.7272727272727,0.23203063067709,0.556907793051876,-0.397740894435698,0.246544378559937,0.206442223943538
agricola / ex-hacienda de guadalupe chimalistac,alvaro obregon,19,1106.42105263158,125152.210526316,0.325306416726748,0.180890153037024,6.58197854274995e-05,78.8421052631579,0.295315424713998,0.0182259450649832,0.454243236262695,0.0774488465471858,0.200400827495671
ampliacion del gas,azcapotzalco,28,1042.85714285714,114120.785714286,0.327984344422701,0.122836850013882,0.000394918712564997,31.6428571428571,0.166920579250428,0.0399267942246659,0.312245881146296,0.373666127689877,0.199236613809763
independencia batan norte,la magdalena contreras,5,699.6,102603.6,0.414794520547945,0.142683599505506,0.000197459356282499,50.4,-0.526435886199947,0.743401552138011,0.397444294216136,0.272397985004085,0.199058155625463
barrio la concepcion,coyoacan,58,1412.37931034483,158557.155172414,0.265139348134152,0.21532590549042,0.000197459356282499,117.534482758621,0.91333063738417,-0.469343783528434,0.397444294216136,-0.0982597597621087,0.193032963047526
san juan de aragon v seccion,gustavo a madero,8,848,101191.375,0.427397260273973,0.278810297177024,0.000131639570854999,161.5,-0.226677813821951,0.845529086875656,0.425843765239416,-0.422189199106966,0.186386295142602
jamaica,venustiano carranza,5,788.4,118489.8,0.400547945205479,0.134775184026162,0.000724017639702495,62.4,-0.347065826717696,0.627953034608499,0.170248526029897,0.312750716191564,0.180866010811533
carlos hank gonzalez,iztapalapa,5,211.4,42175.6,0.54027397260274,0.114821212451111,0.000855657210557494,14.8,-1.51256722673187,1.76023657191717,0.113449583983337,0.414565960116686,0.179903912375595
unidad kennedy,venustiano carranza,16,959.25,107073.5625,0.345719178082192,0.14221272672992,0.000329098927137498,65.75,-0.00196025619356758,0.183642754404776,0.340645352169576,0.274800615794839,0.177593943056245
del carmen,coyoacan,108,1369.09259259259,130630.592592593,0.278411973617453,0.0977180186238776,0.00184295399196999,51.4074074074074,0.825894363307483,-0.361787763998318,-0.312542481365862,0.501835095730551,0.177090502665687
campestre,alvaro obregon,18,1147.61111111111,134396.111111111,0.306849315068493,0.183751621404092,0.000131639570854999,74.4444444444445,0.378516587321555,-0.131342984527907,0.425843765239416,0.0628481892955104,0.17189047174508
venustiano carranza,venustiano carranza,13,491.769230769231,80407.6153846154,0.442149631190727,0.0950999464209396,0.000394918712564997,34.3076923076923,-0.946240136640995,0.965076368341127,0.312245881146296,0.515193822786622,0.171138810296623
nueva santa maria,azcapotzalco,13,1023.46153846154,105589.230769231,0.321390937829294,0.086109608185365,0.000855657210557494,60.1538461538462,0.127742755893065,-0.0135035213690852,0.113449583983337,0.561067070474759,0.169175101248813
loreto,alvaro obregon,15,968.466666666667,214296.466666667,0.33662100456621,0.109042504753161,0.000724017639702495,20.7333333333333,0.016656793899091,0.109914814924791,0.170248526029897,0.444051846253478,0.16083155710384
unidad morelos,venustiano carranza,20,903.9,109027.15,0.337945205479452,0.133202356415143,6.58197854274995e-05,60.1,-0.113763553404633,0.12064560661824,0.454243236262695,0.320776077271478,0.157068478670917
carlos a madrazo,alvaro obregon,27,1161.88888888889,115893.925925926,0.265854895991882,0.119542112760807,6.58197854274995e-05,51.962962962963,0.407356743281852,-0.463545271436189,0.454243236262695,0.390477541689805,0.152087597144199
educacion,coyoacan,9,591.222222222222,106189.777777778,0.48310502283105,0.273239152048086,0.000394918712564997,17.4444444444444,-0.745351747084566,1.29696239260003,0.312245881146296,-0.393762402059991,0.1491798894719
4 arboles,venustiano carranza,19,744.526315789474,136803.368421053,0.491708723864456,0.347267848163898,0.000855657210557494,101.789473684211,-0.435687733773412,1.36668332592588,0.113449583983337,-0.771494209692409,0.147689752503927
alfonso xiii,alvaro obregon,10,668.8,86472.8,0.402739726027397,0.0904460816687488,0.000921476995984993,46.8,-0.588649825750097,0.645714344997655,0.0850501129600574,0.538940191932065,0.141917416752692
san buenaventura,tlalpan,12,304.916666666667,58253,0.522374429223744,0.233783781112048,6.58197854274995e-05,15.4166666666667,-1.32366981611721,1.61518587040574,0.454243236262695,-0.192441166289989,0.139815230281099
angel zimbron,azcapotzalco,9,670.333333333333,109525.555555556,0.397260273972603,0.127842004555174,0.000394918712564997,121.777777777778,-0.585552594993271,0.601311069024765,0.312245881146296,0.348127300565268,0.136802178551761
lomas de memetla,cuajimalpa de morelos,8,907.125,132137.875,0.456164383561644,0.420127952357986,0.000329098927137498,37.25,-0.107249269149788,1.07864628573332,0.340645352169576,-1.14326327095568,0.130895521217839
guadalupe inn,alvaro obregon,35,1166.34285714286,127857.371428571,0.295968688845401,0.147966921215652,0.000855657210557494,33.4,0.416353461194536,-0.219515203959787,0.113449583983337,0.245439808451105,0.130829355657313
parque san andres,coyoacan,22,741.363636363636,115940.727272727,0.427521793275218,0.17113789599024,0.00131639570854999,44.3636363636364,-0.442076134637553,0.846538252238677,-0.0853467131796217,0.127209788939242,0.129711250432261
tepepan,xochimilco,5,525,99204.2,0.55013698630137,0.418265058779616,0.000329098927137498,22,-0.879116205857616,1.84016246866837,0.340645352169576,-1.13375784676607,0.129691379923929
moderna,benito juarez,8,696.25,102054,0.448287671232877,0.200065497559163,0.00125057592312249,37.75,-0.533202662092577,1.0148165765223,-0.0569472421563416,-0.0203934487836768,0.129016036140912
letran valle,benito juarez,106,975.311320754717,116015.981132075,0.342388214008788,0.130874843526553,0.00105311656683999,39.8301886792453,0.0304825372651836,0.156649961050974,0.0282511709134985,0.332652223912226,0.128320428459992
tolteca,alvaro obregon,6,1042.33333333333,150125.166666667,0.340639269406393,0.141931905315772,0.00138221549397749,36.3333333333333,0.165862519053996,0.14247721730491,-0.113746184202902,0.276233508523655,0.124999385771823
jardines villa coapa,tlalpan,9,910.444444444444,132184.888888889,0.475190258751903,0.497249977682438,6.58197854274995e-05,8.11111111111111,-0.100544213435283,1.23282432730586,0.454243236262695,-1.53677880699194,0.123176920015324
portales oriente,benito juarez,12,816.583333333333,124262.916666667,0.368493150684932,0.123423405883007,0.000855657210557494,70.1666666666667,-0.290137378785172,0.368193870167097,0.113449583983337,0.370673223311613,0.120241508873568
granjas mexico,iztacalco,26,1598.30769230769,282131.346153846,0.449525816649104,0.159625668773561,0.00822747317843744,66.4230769230769,1.28889353076387,1.02485000907386,-3.06729117062401,0.185950988292914,0.117855025485102
cuauhtemoc,cuauhtemoc,838,1529.28997613365,163807.196897375,0.279648216562592,0.131329280224263,0.00335680905680248,78.8854415274463,1.14948236122033,-0.351769748307404,-0.965730314901299,0.330333458294469,0.112234412552511
nextitla,miguel hidalgo,7,686.714285714286,102795.428571429,0.417221135029354,0.237600724563607,6.58197854274995e-05,21.2857142857143,-0.552464167032153,0.763065860068862,0.454243236262695,-0.211917140138462,0.11164572713586
ampliacion 7 de julio,venustiano carranza,24,427.166666666667,67938.7083333333,0.463812785388128,0.181424578467569,0.000263279141709998,54.625,-1.07673299436377,1.14062585844548,0.369044823192856,0.074721938003389,0.107921211463761
roma norte,cuauhtemoc,1391,2098.49748382459,231716.74550683,0.316984922643609,0.156476458344886,0.00816165339300994,66.4140905823149,2.29924344807018,-0.0492080966211893,-3.03889169960073,0.202019850913125,0.107636235697177
san mateo,coyoacan,38,804.21052631579,94257.8157894737,0.331434751261716,0.0963360791926563,0.000197459356282499,46.5789473684211,-0.315129621248001,0.0678875037188727,0.397444294216136,0.508886448878486,0.107093513360186
santa ines,azcapotzalco,7,963.285714285714,145991.142857143,0.435225048923679,0.433360634951539,0.000263279141709998,27.2857142857143,0.00619161668348141,0.908962338265498,0.369044823192856,-1.21078310283371,0.106198530556524
jardines del sur,xochimilco,9,2183.77777777778,161116.777777778,0.0949771689497717,0.357960203304631,0.000197459356282499,4.88888888888889,2.4715039367982,-1.84826965547962,0.397444294216136,-0.826052007506906,0.101248741737418
residencial emperadores,benito juarez,17,758.941176470588,99704.1176470588,0.346978243352135,0.114043630862438,0.000197459356282499,84,-0.406570679518909,0.193845713038253,0.397444294216136,0.418533574224214,0.0993780837438731
granjas mexico,venustiano carranza,13,1324.46153846154,127500.384615385,0.200210748155954,0.111633085413684,6.58197854274995e-05,30.0769230769231,0.735742619678623,-0.995499047692597,0.454243236262695,0.430833394935814,0.0990883978355099
san juan,benito juarez,23,772.95652173913,95373.9130434783,0.365098272781418,0.138036299472798,0.000526558283419996,29.7391304347826,-0.378260619671131,0.340683144836068,0.255446939099737,0.296110857634167,0.0990383168962617
san pedro de los pinos,alvaro obregon,30,924.266666666667,128655.733333333,0.37689497716895,0.180203517586214,0.00151385506483249,27.2666666666667,-0.072624249221579,0.436278893325527,-0.170545126249462,0.0809524075124275,0.0911778494837775
francisco i madero,miguel hidalgo,54,1455.48148148148,145220.62962963,0.250329781836631,0.323210266890804,6.58197854274995e-05,43.4074074074074,1.00039413964313,-0.589354553359375,0.454243236262695,-0.648740275902556,0.0844124679571547
actipan,benito juarez,54,1110.64814814815,125236.462962963,0.272146118721461,0.117222109431097,0.000724017639702495,48.3888888888889,0.303853874874405,-0.412563732356205,0.170248526029897,0.402315370767242,0.0818998221148876
ciudad de los deportes,benito juarez,49,959.204081632653,134692.265306122,0.378194017332961,0.252200128926322,0.00105311656683999,41.1632653061224,-0.0020530082237743,0.446805792425222,0.0282511709134985,-0.286410676964472,0.0817939340502399
nochebuena,benito juarez,25,825.44,97033.64,0.393315068493151,0.276653775959298,0.000263279141709998,44.56,-0.272247504609333,0.569340710324285,0.369044823192856,-0.411185538357691,0.0806998186815185
jardines del pedregal de san angel,coyoacan,7,1661.85714285714,278242.714285714,0.370645792563601,0.659575541266668,0.000987296781412493,96,1.41725916956026,0.385638014299304,0.0566506419367773,-2.36504584092293,0.0791901153606389
tlacoquemecatl,benito juarez,37,781.486486486487,101192.918918919,0.405405405405405,0.188679634344732,0.00138221549397749,63.9189189189189,-0.361030661516685,0.667315938714196,-0.113746184202902,0.0377029775901494,0.0766769418367026
san antonio,azcapotzalco,10,387.1,85554,0.583561643835617,0.446109656551806,0.000592378068847496,11,-1.1576649806617,2.111022452103,0.227047468076456,-1.27583505197353,0.0762497246529755
equipamiento fabrica fisisa i,tlalpan,9,583.444444444444,78192.1111111111,0.408523592085236,0.174939016653445,0.000263279141709998,60.6666666666667,-0.761062337880058,0.692584469635704,0.369044823192856,0.107814550950784,0.0748285143554218
monte de piedad,coyoacan,19,707.684210526316,90484.1052631579,0.367267483777938,0.156674519623289,0.000197459356282499,78.5789473684211,-0.51010632175206,0.358261558436319,0.397444294216136,0.20100924220814,0.0741372782901329
8 de agosto,benito juarez,29,706.172413793104,78622.2413793104,0.345016532829476,0.0977739587767938,0.000263279141709998,32.2068965517241,-0.513160050017391,0.177948799834977,0.369044823192856,0.501549660808839,0.0735555217456147
tlaxpana,miguel hidalgo,50,893.74,103252.86,0.339342465753425,0.152314322954531,0.000855657210557494,42.78,-0.134286073723773,0.131968441991326,0.113449583983337,0.223257168427811,0.0666460609624955
el molino,cuajimalpa de morelos,46,1925.4347826087,58106.8260869565,0.08302561048243,0.224702917084382,6.58197854274995e-05,31.3913043478261,1.94966836911462,-1.94512027915962,0.454243236262695,-0.14610601027605,0.0629918721838302
escandon i seccion,miguel hidalgo,160,1080.23125,125706.9375,0.338972602739726,0.175024640568941,0.00197459356282499,81.6,0.242413775436355,0.128971220863156,-0.369341423412422,0.10737765447585,0.0590227451025388
villa olimpica,tlalpan,6,884.333333333333,114501.166666667,0.376255707762557,0.291004541067059,0.000329098927137498,36.6666666666667,-0.153286911105864,0.43109851112869,0.340645352169576,-0.484410392089853,0.0545904720227922
campestre churubusco,coyoacan,9,844.111111111111,124240.333333333,0.40517503805175,0.163746635099956,0.00236951227538998,68.5555555555556,-0.234533109219697,0.665449134318939,-0.539738249552099,0.164923736141582,0.0543119048476691
paseos de taxquena,coyoacan,13,896.538461538462,183543.923076923,0.45331928345627,0.395374367476372,0.00138221549397749,9,-0.128633368626784,1.05559073859356,-0.113746184202902,-1.01695797512707,0.0519463791240378
un hogar para nosotros,miguel hidalgo,27,777.259259259259,112905.888888889,0.343176052765094,0.130199177907188,0.000592378068847496,47.962962962963,-0.369569377723811,0.163034289514581,0.227047468076456,0.336099811255361,0.0506689294035945
buenos aires,cuauhtemoc,30,1110.73333333333,98770.9333333333,0.251689497716895,0.120164459023513,0.000526558283419996,23.8666666666667,0.304025943249784,-0.578335962654992,0.255446939099737,0.387302016641823,0.0462567853267497
juan de dios batiz,gustavo a madero,11,584.181818181818,79914.2727272727,0.400996264009963,0.199849118470365,0.000131639570854999,38.8181818181818,-0.759572892259187,0.631586029915372,0.425843765239416,-0.019289373355714,0.0429148196735957
santa cruz atoyac,benito juarez,63,1157.71428571429,124259.015873016,0.294672754946728,0.119006534070365,0.00217205291910748,31.4285714285714,0.398924324140598,-0.230016931134327,-0.454539836482258,0.393210334748237,0.038406317555077
periodista,miguel hidalgo,21,1261.90476190476,85471.1904761905,0.201304631441618,0.0926526025010439,0.000592378068847496,35.2380952380952,0.609382115939807,-0.986634657434273,0.227047468076456,0.527681407888948,0.037770012744741
gabriel ramos millan seccion tlacotal,iztacalco,24,1054.54166666667,119517.375,0.301940639269406,0.174369749916718,0.00105311656683999,49.6666666666667,0.190522535677636,-0.17112091925362,0.0282511709134985,0.110719237440906,0.0336145665980856
transito,cuauhtemoc,27,882.814814814815,117660.888888889,0.312836123795028,0.0771253771003986,0.00131639570854999,70,-0.156354216927842,-0.0828282941130834,-0.0853467131796217,0.606909156395098,0.0325577353308178
miguel aleman,benito juarez,20,945.2,91357.25,0.294246575342466,0.175988222343804,6.58197854274995e-05,40.6,-0.0303403162805678,-0.233470519265552,0.454243236262695,0.102460973449195,0.0321975912785422
ermita,benito juarez,17,576.176470588235,80751.3529411765,0.368573730862208,0.101828254575222,0.000460738497992497,69.4705882352941,-0.775743158858704,0.36884685951964,0.283846410123016,0.480862595373822,0.0308729112976485
hermosillo,coyoacan,14,667.857142857143,112475,0.444618395303327,0.368874069390124,0.000131639570854999,3.71428571428571,-0.590554334103673,0.985082239933308,0.425843765239416,-0.881740066071142,0.0271791115825453
privada del rincon,alvaro obregon,7,498.857142857143,69680.8571428571,0.376125244618395,0.111563999938408,6.58197854274995e-05,18,-0.931923028388588,0.430041290272193,0.454243236262695,0.431185903933355,0.0265213066042916
unidad hab lomas de sotelo,miguel hidalgo,7,726.428571428571,87105.5714285714,0.356555772994129,0.164372223604859,0.000526558283419996,57,-0.472243966684556,0.271458161797588,0.255446939099737,0.161731667535896,0.0231999798610362
independencia,benito juarez,14,707.857142857143,84772.6428571429,0.381409001956947,0.219130419376361,0.000460738497992497,80.9285714285714,-0.509757010012569,0.472858734960336,0.283846410123016,-0.117672311687257,0.0221653371714818
escandon i seccion,benito juarez,187,1110.16577540107,104895.737967914,0.291216760676873,0.278318102904566,6.58197854274995e-05,72.8342245989305,0.302879514194945,-0.25802291892115,0.454243236262695,-0.419677775267335,0.0203700707812105
barrio del nino jesus,coyoacan,43,965.232558139535,113797.906976744,0.30633959859828,0.224974375645631,0.000131639570854999,87.6279069767442,0.0101241110287791,-0.13547352182771,0.425843765239416,-0.147491128999168,0.0180657040083701
prado coapa 3a seccion,tlalpan,7,867.857142857143,114541.285714286,0.318590998043053,0.185567268594304,0.000263279141709998,25.5714285714286,-0.186567713648153,-0.036193107443144,0.369044823192856,0.0535838400476345,0.0176974863207091
atlampa,cuauhtemoc,62,1092.90322580645,106339.838709677,0.275563411400795,0.105948166119354,0.00157967485025999,43.8387096774194,0.268010318839067,-0.384871366695694,-0.198944597272742,0.459840725254482,0.0171209112393601
san rafael,cuauhtemoc,228,1024.81140350877,128206.048245614,0.333777937995674,0.112209382031921,0.00269861120252748,67.6315789473684,0.13046939298558,0.086875746733595,-0.681735604668499,0.427892838438658,0.0144349886697843
arenal,azcapotzalco,8,541.375,53271.375,0.351027397260274,0.0789997002043013,0.000197459356282499,54.375,-0.84603980130782,0.226658428003513,0.397444294216136,0.597345412991908,0.0131435294503165
napoles,benito juarez,213,1315.16901408451,127665.990610329,0.319017300147919,0.29672120520968,0.00217205291910748,69.6760563380282,0.716972342085736,-0.0327385266162797,-0.454539836482258,-0.513579700662322,0.0116462372119208
el rodeo,iztacalco,27,797.888888888889,87779.5185185185,0.297615423642821,0.0782498183388802,0.000526558283419996,46.037037037037,-0.327898905947195,-0.206170727371109,0.255446939099737,0.601171689117225,0.0111028356479011
juarez,cuauhtemoc,763,1485.81127129751,178690.268676278,0.333984452144563,0.119086391770738,0.00592378068847496,72.0720838794233,1.06165828607765,0.0885492543496318,-2.07330968480921,0.392802860416012,0.00896089724954408
vista alegre,cuauhtemoc,21,781.333333333333,95067.7142857143,0.352120026092629,0.0559537794025462,0.00223787270453498,33.7619047619048,-0.361340020640457,0.235512652676678,-0.482939307505538,0.714937343955841,0.00865139690092678
merced balbuena,venustiano carranza,7,640.571428571429,97178.4285714286,0.406262230919765,0.191105876905007,0.00125057592312249,45.7142857142857,-0.645669651608676,0.674259308123083,-0.0569472421563416,0.0253230622852295,0.00225206098009978
san angel,alvaro obregon,40,1108.325,120599.05,0.272328767123288,0.135547153123201,0.00144803527940499,45.3,0.299161271028466,-0.411083623157109,-0.142145655226182,0.308811739851839,-0.000243488713461477
nonoalco tlatelolco,cuauhtemoc,49,697.775510204082,123303.653061225,0.440257198769919,0.125641773332986,0.00342262884222997,53.8775510204082,-0.53012123353349,0.94974085701611,-0.994129785924575,0.359353991840041,-0.00106927177212074
industrial,gustavo a madero,16,586.5,85074.3125,0.38458904109589,0.0946313342744779,0.00151385506483249,12.8125,-0.754890320067544,0.498628493337459,-0.170545126249462,0.517584918705488,-0.00747058952782007
tizapan,alvaro obregon,26,803.769230769231,119646.538461538,0.339093782929399,0.179180771796784,0.000789837425129994,32.7307692307692,-0.316021008730383,0.12995321638948,0.141849055006617,0.0861709732316658,-0.0102163320546145
piedad narvarte,benito juarez,119,913.605042016807,106033.411764706,0.333256590307356,0.223896159354222,0.000921476995984993,40.8403361344538,-0.09416001777589,0.0826509547195889,0.0850501129600574,-0.141989524754572,-0.0148406012757932
los manzanos,miguel hidalgo,55,1226.43636363636,92639.6363636364,0.17200498132005,0.0610501657944596,0.000526558283419996,17.1454545454545,0.537738324192704,-1.22406723960619,0.255446939099737,0.688933005838105,-0.0170226856364774
santa maria la ribera,cuauhtemoc,117,987.777777777778,139522.888888889,0.361081840533895,0.137389514702214,0.00329098927137498,84.4786324786325,0.0556639464741852,0.30813559304992,-0.937330843878019,0.299411080295925,-0.0184440908591873
puebla,venustiano carranza,20,863.35,88773.75,0.283287671232877,0.0961961247471549,0.000724017639702495,23.3,-0.195671840701989,-0.32227707121133,0.170248526029897,0.509600567165842,-0.0194148549348481
petrolera taxquena,coyoacan,9,548.555555555556,93336,0.357990867579909,0.121427405197136,0.000329098927137498,43.8888888888889,-0.83153555944841,0.283087591219059,0.340645352169576,0.380857827210757,-0.0202337545927386
los reyes,iztacalco,5,801.6,102551.2,0.33972602739726,0.181268578797504,0.000921476995984993,37.2,-0.320402709767631,0.135076671309429,0.0850501129600574,0.0755179271326766,-0.0234842035189141
esperanza,cuauhtemoc,13,1124.30769230769,98852.8461538462,0.204847207586934,0.0884889972047445,0.000592378068847496,24.9230769230769,0.331445240284291,-0.957927044946306,0.227047468076456,0.548926225606373,-0.0327498026620385
ventura perez de alva,miguel hidalgo,7,1021,61181.4285714286,0.20665362035225,0.0715726083126412,0.000131639570854999,105.142857142857,0.122770612872074,-0.943288602317881,0.425843765239416,0.635242188065455,-0.0339382061727679
copilco el bajo,coyoacan,9,712.222222222222,68083.8888888889,0.350684931506849,0.178093282520601,0.000789837425129994,13.4444444444444,-0.500939841708976,0.223883223255207,0.141849055006617,0.0917198929293827,-0.0364031959489308
vertiz narvarte,benito juarez,82,782.426829268293,95376.4634146341,0.315335783494821,0.176722292009318,0.000329098927137498,61.6829268292683,-0.359131232004227,-0.0625720571064805,0.340645352169576,0.0987153791562901,-0.0386388404680391
san juan de aragon i seccion,gustavo a madero,8,1228.125,98298.125,0.237671232876712,0.193276931517558,0.00118475613769499,39.875,0.541149256681322,-0.691934343685633,-0.0285477711330616,0.0142452448131397,-0.0480960313652776
romero de terreros,coyoacan,16,1016.6875,105854.375,0.336643835616438,0.364734318673335,0.000460738497992497,39.125,0.114059651368502,0.110099828574678,0.283846410123016,-0.860616966469954,-0.0481062672864335
lomas del chamizal,cuajimalpa de morelos,13,1105.07692307692,73209.7692307692,0.243414120126449,0.198328803651218,0.000460738497992497,16.7692307692308,0.292600372932799,-0.645396294829432,0.283846410123016,-0.0115319590699299,-0.0513758863583727
bosque de las lomas,miguel hidalgo,13,1389.30769230769,88735,0.185669125395153,0.236177057776273,0.000394918712564997,44.0769230769231,0.866727512387856,-1.11333851085142,0.312245881146296,-0.204652872938555,-0.0524646978975205
ampliacion napoles,benito juarez,111,1081.54954954955,112275.477477477,0.281426632111564,0.277375819965973,0.000460738497992497,61.4054054054054,0.245076652335207,-0.337358183861582,0.283846410123016,-0.414869771663719,-0.0538891317660531
san jeronimo lidice,la magdalena contreras,8,997.5,120137.375,0.333219178082192,0.325572718295481,0.000789837425129994,15.75,0.0753021849685507,0.0823477810916225,0.141849055006617,-0.660794696503675,-0.0564941384813597
villa panamericana,coyoacan,11,907.909090909091,120994.636363636,0.356911581569116,0.341582635221542,0.000724017639702495,35.0909090909091,-0.10566545796732,0.274341491406218,0.170248526029897,-0.742485381033158,-0.063844560968983
peralitos,miguel hidalgo,6,697.333333333333,85811.6666666667,0.291324200913242,0.106901630606086,0.000197459356282499,66.5,-0.531014401231776,-0.257152266451093,0.397444294216136,0.454975667743227,-0.0659660079129882
viveros de coyoacan,coyoacan,10,994.6,81194.8,0.247397260273973,0.18733160123148,0.000131639570854999,44.7,0.0694443789719457,-0.613118528833755,0.425843765239416,0.0445813235739854,-0.0690172271958625
alcantarilla,alvaro obregon,7,1120.42857142857,98108.2857142857,0.219569471624266,0.19983109549669,0.000131639570854999,132.571428571429,0.323609675612818,-0.838623737524642,0.425843765239416,-0.0191974110386355,-0.0731749477333911
gabriel ramos millan,tlalpan,7,1534.57142857143,123822.428571429,0.232876712328767,0.478396889732654,0.000131639570854999,54.2857142857143,1.1601505418275,-0.730787210161911,0.425843765239416,-1.44058082750052,-0.0741384129525446
la nopalera,tlahuac,5,568.4,83785.2,0.42027397260274,0.263592063558302,0.00118475613769499,4.6,-0.791451109218768,0.7878048281109,-0.0285477711330616,-0.344538082777975,-0.0757110551145678
emiliano zapata,coyoacan,6,571.5,50295.8333333333,0.307762557077626,0.0892731781171213,0.000131639570854999,37.6666666666667,-0.785189316601707,-0.123942438532425,0.425843765239416,0.544924938415261,-0.0785857858093045
del carmen,benito juarez,5,1117.4,109010.4,0.227945205479452,0.202164032794195,0.000394918712564997,63.4,0.317492163931635,-0.770750158537512,0.312245881146296,-0.0311012357541368,-0.079748469303331
san simon tolnahuac,cuauhtemoc,28,745.75,90771.8571428572,0.30146771037182,0.114064607759973,0.000921476995984993,39.1428571428571,-0.433215973529835,-0.174953344858423,0.0850501129600574,0.418426539495249,-0.0817554650254162
cuadrante de san francisco,coyoacan,21,717.52380952381,82339.2380952381,0.289367253750815,0.0852387723582288,0.000724017639702495,64.8095238095238,-0.490230990023885,-0.273010579298553,0.170248526029897,0.565510514819917,-0.0818206626267688
atenor salas,benito juarez,52,852.442307692308,74923.1730769231,0.28113804004215,0.180767486709061,0.000329098927137498,27.5576923076923,-0.217704649463756,-0.339696817939156,0.340645352169576,0.0780747521247322,-0.083476419362012
ex-ejido de santa ursula coapa,coyoacan,8,929.625,109893,0.268493150684932,0.152194501085583,0.000855657210557494,38.625,-0.0618007743485415,-0.442165916338131,0.113449583983337,0.223868560138405,-0.0837263783816534
san diego churubusco,coyoacan,33,1013.09090909091,98187.0606060606,0.226650062266501,0.104682632036234,0.000855657210557494,98.1212121212121,0.106794778335879,-0.781245478312922,0.113449583983337,0.46629811950724,-0.0863856692949974
santa maria insurgentes,cuauhtemoc,32,640.90625,93392.625,0.321575342465753,0.157331882257474,0.000329098927137498,64.875,-0.644993334721753,-0.012009180350767,0.340645352169576,0.197655045942246,-0.0894406748993915
los alpes,alvaro obregon,49,1076.20408163265,63593.7959183674,0.197260273972603,0.0647796449428007,0.000987296781412493,42.9591836734694,0.234279164742705,-1.01940850398569,0.0566506419367773,0.669903319052505,-0.0902280095750394
extremadura insurgentes,benito juarez,19,1034.05263157895,83796.052631579,0.238644556596972,0.200547678740217,0.000263279141709998,32.2105263157895,0.149136055470224,-0.684046919664133,0.369044823192856,-0.0228537807722473,-0.091235050774051
moctezuma 2a seccion,venustiano carranza,69,831.623188405797,94210.1449275362,0.408695652173913,0.0979279376595598,0.00487066412163496,189.057971014493,-0.259757877670845,0.693978775402969,-1.61891814843673,0.50076398275727,-0.093364563816255
chimalcoyotl,tlalpan,9,740.111111111111,103963.888888889,0.312328767123288,0.164031919768323,0.000789837425129994,26.2222222222222,-0.444606151856568,-0.0869397085550176,0.141849055006617,0.163468069634856,-0.0984003331951809
valle gomez,cuauhtemoc,15,695.666666666667,65633.5333333333,0.285844748858447,0.109229010211827,0.000394918712564997,48.3333333333333,-0.534380956402239,-0.301555542423982,0.312245881146296,0.443100201178908,-0.0997117331828255
copilco el alto,coyoacan,11,626.181818181818,74702.0909090909,0.346450809464508,0.209926444678349,0.000460738497992497,51,-0.674735701963528,0.18957160091252,0.283846410123016,-0.0707089828364552,-0.10292174485799
aquiles serdan,venustiano carranza,10,626.7,86574,0.324383561643836,0.0834718748911237,0.00138221549397749,90.6,-0.673689009355984,0.010747498585339,-0.113746184202902,0.574526118351643,-0.106726466401445
obrera,cuauhtemoc,31,571.064516129032,100091.967741936,0.488996906760937,0.151714925285312,0.00487066412163496,30.8387096774194,-0.786068964888183,1.34470785063539,-1.61891814843673,0.226315598157956,-0.110928844331592
san juanico,miguel hidalgo,7,768.857142857143,84038,0.275538160469667,0.14014942485701,0.000394918712564997,34.4285714285714,-0.386541090773635,-0.385075990087274,0.312245881146296,0.285328624351497,-0.111970223158714
algarin,cuauhtemoc,18,936.555555555556,76260.8333333333,0.258751902587519,0.200548832341283,0.000460738497992497,81.6666666666667,-0.047801515764701,-0.521105073623268,0.283846410123016,-0.0228596670276945,-0.118474628197326
pueblo de santa ursula coapa,coyoacan,12,563.25,79225.1666666667,0.365981735159817,0.19903416789702,0.000921476995984993,42,-0.801853764695498,0.347842368679523,0.0850501129600574,-0.0151310838091954,-0.12221961297462
vergel coapa,tlalpan,6,967.166666666667,78782,0.237442922374429,0.178439999453589,0.000394918712564997,52.3333333333333,0.01403088086613,-0.693784480184503,0.312245881146296,0.0899507679723618,-0.12348674997178
barrio de caramaguey,tlalpan,6,482,57014.3333333333,0.324200913242009,0.12074832656306,0.000131639570854999,35.6666666666667,-0.965973329255553,0.00926738938624232,0.425843765239416,0.384322829479241,-0.124978463017062
belisario dominguez seccion xvi,tlalpan,21,638.809523809524,94334.9523809524,0.366340508806262,0.215756325984792,0.00131639570854999,62,-0.649228581360308,0.350749726034891,-0.0853467131796217,-0.100455982577203,-0.12670419574899
banjidal,iztapalapa,5,670.2,48815.6,0.283835616438356,0.132636951290116,0.000263279141709998,142,-0.585821919406908,-0.317836743614042,0.369044823192856,0.323661059867776,-0.132556422294159
san juan de aragon iii seccion,gustavo a madero,10,507.8,83165.7,0.366849315068493,0.206778443942023,0.000592378068847496,179.2,-0.91385905521679,0.35487288737523,0.227047468076456,-0.0546462926777582,-0.133215615272728
pueblo de san pablo tepetlapa,coyoacan,10,934.9,92779.6,0.26,0.204255622858672,0.000658197854274995,32.3,-0.0511456272340272,-0.51099099409611,0.198647997053177,-0.0417735849556525,-0.137266103979536
villa de cortes,benito juarez,6,715,66121.3333333333,0.249315068493151,0.0873145432062443,0.000197459356282499,51.3333333333333,-0.495328916424872,-0.597577382243244,0.397444294216136,0.554918883252816,-0.137399254106644
el metro - barrio,tlalpan,6,604,87007.6666666667,0.292694063926941,0.132194461777711,0.000131639570854999,34.1666666666667,-0.719541490777685,-0.246051447457871,0.425843765239416,0.325918864910267,-0.13932535544073
periodista,benito juarez,17,727.176470588235,67289.2352941177,0.275100725221596,0.170387260262869,6.58197854274995e-05,42.1176470588235,-0.470733260414786,-0.388620789429647,0.454243236262695,0.131039911649085,-0.140749585370974
san bernabe,azcapotzalco,32,733.28125,65557.65625,0.267380136986301,0.158041961638208,0.000131639570854999,44.78125,-0.458402014398859,-0.451185331770124,0.425843765239416,0.194031862202424,-0.148901078362327
revolucion,venustiano carranza,10,827.3,66565,0.226027397260274,0.0841061394528863,0.000526558283419996,68.4,-0.268490429039097,-0.786291305128023,0.255446939099737,0.571289780120628,-0.151087176406063
pedregal del sur,coyoacan,7,739.857142857143,57778,0.245792563600783,0.0855323241242379,0.000526558283419996,70.2857142857143,-0.445119150739686,-0.626122345368672,0.255446939099737,0.564012665404403,-0.157480527931679
nicolas bravo,venustiano carranza,6,601,51601,0.272602739726027,0.0809070530198281,0.000394918712564997,44.5,-0.725601290084518,-0.408863459358464,0.312245881146296,0.587613135313066,-0.160367621541022
cuchilla pantitlan,venustiano carranza,26,820.846153846154,107685.153846154,0.277660695468915,0.238913549474829,0.000263279141709998,20.6538461538462,-0.281526766522258,-0.367875819998874,0.369044823192856,-0.218615836088,-0.164734978535369
avante,coyoacan,7,491.571428571429,57038.5714285714,0.351076320939335,0.191269607139497,0.000592378068847496,27.7142857142857,-0.946639683848039,0.227054885824699,0.227047468076456,0.0244876279106834,-0.165568420209574
cuitlahuac,iztapalapa,5,622.8,55696.8,0.268493150684932,0.122395162982635,6.58197854274995e-05,15.4,-0.681566748454867,-0.442165916338131,0.454243236262695,0.375919838068072,-0.171087184571746
planetario lindavista,gustavo a madero,5,292,34273.2,0.355616438356164,0.130646182603813,0.000131639570854999,16.6,-1.3497606186883,0.263846171630808,0.425843765239416,0.333818967461867,-0.17384178757699
santa maria nonoalco,benito juarez,37,755.243243243243,83912.5675675676,0.268863383931877,0.108684862416185,0.00125057592312249,36.5945945945946,-0.414040257254835,-0.439165694988612,-0.0569472421563416,0.445876718141272,-0.178175890476048
jardines del pedregal,alvaro obregon,6,1479.5,132958,0.268036529680365,0.473331310658568,0.00210623313367998,21,1.04890994026635,-0.445866189335872,-0.426140365458978,-1.41473368388251,-0.187261684589153
quetzalcoatl,coyoacan,7,551,66475.1428571429,0.303718199608611,0.177373033973459,0.000131639570854999,81.2857142857143,-0.826597945198398,-0.156716285083843,0.425843765239416,0.0953949648937899,-0.190746523058031
san simon ticumac,benito juarez,15,834.6,76361.7333333333,0.298995433789954,0.238561392538294,0.00131639570854999,27.6666666666667,-0.253744917392471,-0.194987680089048,-0.0853467131796217,-0.216818953484537,-0.195052912577287
hogar y seguridad,azcapotzalco,11,549.818181818182,44751.2727272727,0.291407222914072,0.135152549213721,0.000329098927137498,15.8181818181818,-0.828985138864726,-0.256479489542413,0.340645352169576,0.310825208355911,-0.195345276417044
axotla,alvaro obregon,11,719.727272727273,93733.3636363636,0.306102117061021,0.26595684056006,0.000394918712564997,40.5454545454545,-0.485780141759559,-0.137397976706028,0.312245881146296,-0.356604369750317,-0.19582513326048
insurgentes san borja,benito juarez,23,1020.39130434783,102669.347826087,0.224181060154854,0.25081475209531,0.000394918712564997,81.6956521739131,0.121541088375036,-0.80125327855367,0.312245881146296,-0.279341784466195,-0.19733283771757
emiliano zapata,venustiano carranza,5,920.6,50907,0.180821917808219,0.110974056077151,0.000131639570854999,108.6,-0.0800306705965968,-1.15261833190436,0.425843765239416,0.434196095559124,-0.197786728590579
heroes de padierna,la magdalena contreras,11,837.272727272727,105633.909090909,0.269987546699876,0.231547482512727,0.000658197854274995,45.5454545454546,-0.248346187100929,-0.430055931981889,0.198647997053177,-0.181030441035476,-0.199997124521305
nativitas,benito juarez,9,733.333333333333,69501.3333333333,0.319939117199391,0.259103606048013,0.00111893635226749,20,-0.458296809549782,-0.0252684919260048,-0.000148300109781487,-0.321635704946133,-0.209426391453919
san alvaro,azcapotzalco,10,533.5,51988.7,0.29013698630137,0.119773984759375,0.000526558283419996,43.2,-0.861946774488256,-0.266772976245219,0.255446939099737,0.389294413609022,-0.209667654678291
paulino navarro,cuauhtemoc,6,619,49920.1666666667,0.242009132420091,0.0751164561922428,0.000329098927137498,16.5,-0.689242494243521,-0.656781750207096,0.340645352169576,0.617159685795766,-0.212246265742117
argentina poniente,miguel hidalgo,25,905.28,71239.92,0.226849315068493,0.103974890780873,0.00157967485025999,47.64,-0.11097604572349,-0.779630813732089,-0.198944597272742,0.469909372950165,-0.212989102701189
acacias,benito juarez,25,923.16,75493.2,0.207123287671233,0.149431636209493,0.000724017639702495,47.28,-0.0748596418547663,-0.939482607234491,0.170248526029897,0.237966092563627,-0.222659751008072
san pedro de los pinos,benito juarez,65,850.830769230769,72243.2,0.268324552160169,0.124372707385155,0.00230369248996248,44.8153846153846,-0.220959849347811,-0.443532170983451,-0.511338778528818,0.365829407450891,-0.228449480314964
mixcoatl,iztapalapa,6,338,54894,0.428767123287671,0.366270976263034,0.000460738497992497,25.8333333333333,-1.25684369598353,0.856629905868879,0.283846410123016,-0.868457769827625,-0.236986408975316
1a victoria,alvaro obregon,8,1373.25,60761.875,0.133904109589041,0.295643636508366,0.000394918712564997,54.5,0.834292048149359,-1.53282138242222,0.312245881146296,-0.508081400749562,-0.248725904202512
felipe pescador,cuauhtemoc,6,660.833333333333,57899.5,0.215981735159817,0.091778225812619,0.000131639570854999,40,-0.604741959464908,-0.867697311078319,0.425843765239416,0.53214291949728,-0.250134444215629
popotla,miguel hidalgo,31,841.451612903226,68656.4838709677,0.252938577110031,0.0815663381595903,0.00256697163167248,16.5806451612903,-0.239905117685252,-0.568213925551494,-0.624936662621939,0.584249129452447,-0.250573219604922
cuauhtemoc pensil,miguel hidalgo,27,717.407407407407,71389.2592592593,0.233079654997463,0.125654326775528,0.000658197854274995,46.8148148148148,-0.490466114511981,-0.729142644385138,0.198647997053177,0.359289937834066,-0.254295040691687
vallejo,gustavo a madero,11,512.636363636364,52045.8181818182,0.323785803237858,0.118811774586465,0.00197459356282499,53,-0.904089924213048,0.00590350484284191,-0.369341423412422,0.394204096029566,-0.264483391287633
jardin balbuena,venustiano carranza,44,873.727272727273,113555.704545455,0.374968866749689,0.201677443669845,0.00500230369248996,95.0909090909091,-0.174710444008809,0.420670469044148,-1.67571709048329,-0.028618412211932,-0.267079093028443
tepalcates,iztapalapa,15,562.666666666667,64480.2,0.382283105022831,0.206039832881358,0.00302771012966498,19.7333333333333,-0.80303205900516,0.479942114698868,-0.823732959784899,-0.0508775258924285,-0.271849080427353
alamos,benito juarez,37,827.189189189189,95146.8648648649,0.315068493150685,0.165174295905132,0.00348844862765747,87.5405405405406,-0.268714259463944,-0.064738070568573,-1.02252925694786,0.157639089444828,-0.273013732510361
ermita tizapan,alvaro obregon,10,924,61439.7,0.176438356164384,0.179749087671474,0.000131639570854999,10.7,-0.073162898048853,-1.18814095268267,0.425843765239416,0.0832711385200425,-0.276568174467565
ninos heroes,benito juarez,32,730.78125,76115.90625,0.270462328767123,0.241166169208284,0.000789837425129994,73.5,-0.463451847154553,-0.426208489035374,0.141849055006617,-0.230109840014468,-0.284550257858549
valentin gomez farias,venustiano carranza,7,934.857142857143,58665.5714285714,0.183561643835616,0.134360977415371,0.00105311656683999,82.7142857142857,-0.0512321957955533,-1.13041669391791,0.0282511709134985,0.31486420758121,-0.285871591215099
churubusco country club,coyoacan,20,691.45,61114.6,0.221095890410959,0.129755823679094,0.000460738497992497,51.95,-0.542898340983509,-0.826254253503623,0.283846410123016,0.338362028514158,-0.286304090618705
toriello guerra,tlalpan,21,666.380952380952,74588.6190476191,0.313633398564905,0.22521773902215,0.00177713420654249,36.2857142857143,-0.593536140111797,-0.0763674999900439,-0.284143010342582,-0.148732891895814,-0.287546272478232
rinconada de los reyes,coyoacan,7,566.714285714286,67301.7142857143,0.281409001956947,0.237177187253257,6.58197854274995e-05,44.7142857142857,-0.794856139305465,-0.337501051544892,0.454243236262695,-0.209756038805701,-0.290809717763708
peralvillo,cuauhtemoc,16,849.0625,69388.1875,0.20736301369863,0.0946689042233249,0.00177713420654249,36.5625,-0.224531634900781,-0.937539963910677,-0.284143010342582,0.517393217845751,-0.301971438142803
san jeronimo aculco,la magdalena contreras,14,843.571428571429,51383.1428571429,0.207045009784736,0.153007450351832,0.00105311656683999,7.57142857142857,-0.235623231846323,-0.940116939748389,0.0282511709134985,0.219720482271774,-0.303127720841359
pensil sur,miguel hidalgo,6,492.333333333333,48662.3333333333,0.317351598173516,0.295251831385759,6.58197854274995e-05,36.1666666666667,-0.945100687198684,-0.046236705579869,0.454243236262695,-0.506082213070092,-0.307769013195045
tlalcoligia,tlalpan,8,412.5,38893.5,0.269520547945205,0.0907329371598907,0.000592378068847496,39.125,-1.10635867986385,-0.433840302093215,0.227047468076456,0.537476510293949,-0.309154898913037
villa hermosa,gustavo a madero,6,479.833333333333,46626.3333333333,0.247945205479452,0.118293017731935,0.000197459356282499,8.83333333333333,-0.970349850977154,-0.608678201236466,0.397444294216136,0.396851055582613,-0.314849345704336
residencial zacatenco,gustavo a madero,11,1034.18181818182,76706.5454545455,0.227397260273973,0.187736305874807,0.00269861120252748,39.7272727272727,0.149397003765734,-0.775190486134801,-0.681735604668499,0.0425163160228335,-0.315581902439853
pensador mexicano,venustiano carranza,24,506.166666666667,49773.375,0.279566210045662,0.0855670502590567,0.00171131442111499,123.791666666667,-0.917158279283844,-0.352434296142917,-0.255743539319302,0.563835475120562,-0.319259385467777
ampliacion 20 de noviembre,venustiano carranza,6,695.5,56672.6666666667,0.186301369863014,0.101051627369525,0.000263279141709998,18,-0.534717611919285,-1.10821505593147,0.369044823192856,0.484825339737243,-0.322105767769206
federal,venustiano carranza,26,795.423076923077,78820.2307692308,0.278714436248683,0.305421670153443,0.00118475613769499,102.384615384615,-0.332879681160931,-0.359336728465627,-0.0285477711330616,-0.557973868368703,-0.32496925078832
capultitlan,gustavo a madero,7,852.714285714286,62615.1428571429,0.168688845401174,0.109252552251681,0.000921476995984993,11.8571428571429,-0.217155272054071,-1.25093987155861,0.0850501129600574,0.442980077797896,-0.334822504932214
barrio el truenito,tlalpan,9,961,15609.2222222222,0.093455098934551,0.0670154569512072,6.58197854274995e-05,14.5555555555556,0.00157462673541822,-1.86060389880543,0.454243236262695,0.658495076630668,-0.33516111904233
san clemente sur,alvaro obregon,5,483.2,50053.2,0.224657534246575,0.070669199776769,0.000394918712564997,29.6,-0.96354940953282,-0.797392124121245,0.312245881146296,0.639851834826648,-0.337862916901631
bellavista,alvaro obregon,24,717.041666666667,58249.5833333333,0.21175799086758,0.0917136333423869,0.00144803527940499,29.6666666666667,-0.491204886341055,-0.901924836307422,-0.142145655226182,0.532472502913176,-0.339873547257144
americas unidas,benito juarez,11,626,73021.7272727273,0.268742216687422,0.223563056759971,0.000921476995984993,55.2727272727273,-0.675102962527578,-0.440147585612091,0.0850501129600574,-0.140289867031886,-0.345623115256266
nueva industrial vallejo,gustavo a madero,7,719.857142857143,52378.8571428571,0.23013698630137,0.138200020451567,0.00157967485025999,61.7142857142857,-0.485517812785238,-0.752988848148356,-0.198944597272742,0.295275470486981,-0.35228582363723
asturias,cuauhtemoc,7,593.571428571429,52611.8571428571,0.216829745596869,0.132993139599038,0.000460738497992497,81.5714285714286,-0.740606507415723,-0.860825375511087,0.283846410123016,0.321843607165702,-0.359291561420299
arboledas del sur,tlalpan,5,541.6,111842.2,0.378082191780822,0.483131565681451,0.000526558283419996,25.2,-0.845585316359808,0.445899603119653,0.255446939099737,-1.46473953619769,-0.361764233391636
vallejo poniente,gustavo a madero,5,578.2,49258.4,0.215890410958904,0.0964724873469517,0.000789837425129994,126.8,-0.771655764816447,-0.868437365677868,0.141849055006617,0.508190425560485,-0.362020043034874
el prado,iztapalapa,6,532.833333333333,37752.5,0.231506849315069,0.154884232774683,0.000263279141709998,44.3333333333333,-0.863293396556441,-0.741888029155134,0.369044823192856,0.210144190180836,-0.365716625038734
presidentes ejidales,coyoacan,10,504,41483,0.239178082191781,0.145734768532227,0.000394918712564997,25.5,-0.921534801005446,-0.679723442793089,0.312245881146296,0.256829379148157,-0.366562421080669
lomas de guadalupe,alvaro obregon,11,377.636363636364,36284.7272727273,0.248567870485679,0.127731862653853,6.58197854274995e-05,31.2727272727273,-1.17678089302052,-0.603632374421365,0.454243236262695,0.348689300190613,-0.373537472941905
joyas del pedregal,coyoacan,5,585.4,69790.6,0.213698630136986,0.17148393754445,6.58197854274995e-05,81.6,-0.757112246480049,-0.886198676067024,0.454243236262695,0.125444110105953,-0.377055807490392
doctores,cuauhtemoc,356,1018.2808988764,143765.758426966,0.377243343081422,0.132685694536668,0.00822747317843744,59.5674157303371,0.117278210504084,0.439101910590096,-3.06729117062401,0.323412347198285,-0.381861728356891
real del moral,iztapalapa,5,987,51622,0.106849315068493,0.120629356486755,0.000592378068847496,28.8,0.0540928873946359,-1.75206255753836,0.227047468076456,0.38492987491344,-0.386995432445139
progreso,alvaro obregon,6,925.333333333333,57236,0.177625570776256,0.182168495997909,0.00144803527940499,14.6666666666667,-0.0704696539124828,-1.17852024288854,-0.142145655226182,0.0709260949288988,-0.388940881099765
rinconada las playas infonavit,coyoacan,7,611,46490.8571428571,0.217221135029354,0.219397246350188,6.58197854274995e-05,56.5714285714286,-0.705401959061742,-0.857653712941595,0.454243236262695,-0.119033797711423,-0.401874813890747
el rosario,coyoacan,8,935.375,60342.5,0.158219178082192,0.267307952351207,0.000131639570854999,49,-0.0501861590104453,-1.33578184529253,0.425843765239416,-0.363498424704157,-0.40332133318384
tlatilco,azcapotzalco,5,565,67291.4,0.215890410958904,0.15617782421492,0.000526558283419996,24.8,-0.798318881766512,-0.868437365677868,0.255446939099737,0.203543633117206,-0.408228759789925
postal,benito juarez,19,689.789473684211,59521.6315789474,0.227974044700793,0.277777198549903,0.000329098927137498,31.2631578947368,-0.546252493055976,-0.770516457085023,0.340645352169576,-0.416917807979467,-0.410285176204278
ampliacion asturias,cuauhtemoc,10,655.9,48380.8,0.194246575342466,0.139450922002949,0.000789837425129994,45.6,-0.614706962769478,-1.04383030577078,0.141849055006617,0.288892738803656,-0.411412821800023
la raza,azcapotzalco,11,423.909090909091,45886.8181818182,0.198505603985056,0.0560093455071313,0.000329098927137498,39.1818181818182,-1.08331307946968,-1.00931685035549,0.340645352169576,0.714653817617688,-0.416729144990098
santa ursula xitla,tlalpan,7,441.714285714286,53136,0.332289628180039,0.358860379157561,0.000658197854274995,9,-1.04734777709016,0.0748150824890791,0.198647997053177,-0.830645159486538,-0.418159240866998
heroes de padierna,tlalpan,7,998.428571428571,68570.7142857143,0.221526418786693,0.265977546577156,0.00256697163167248,40.1428571428572,0.0771778371349513,-0.822765424677182,-0.624936662621939,-0.356710022310432,-0.420005613249143
san pedro zacatenco,gustavo a madero,11,709.272727272727,56606.9090909091,0.234869240348692,0.265091392051785,0.000987296781412493,40,-0.506897624192462,-0.714640564353588,0.0566506419367773,-0.352188414227718,-0.425569011022003
buenavista,cuauhtemoc,96,903.583333333333,112476.385416667,0.319920091324201,0.170135133273658,0.00605542025932996,87.46875,-0.114403198887021,-0.0254226699675773,-2.13010862685577,0.132326390925155,-0.441504207842503
pedregal de santa ursula,coyoacan,10,883.8,114325.6,0.332876712328767,0.29777699495527,0.00487066412163496,23.3,-0.154364208760413,0.0795725763433168,-1.61891814843673,-0.51896687334003,-0.450014494080481
atlantida,coyoacan,19,530.421052631579,22590.9473684211,0.156164383561644,0.0714662781045293,0.000131639570854999,37.1052631578947,-0.8681660421979,-1.35243307378236,0.425843765239416,0.635784738506343,-0.453854034044927
iztaccihuatl,benito juarez,8,664,36687.125,0.16472602739726,0.170922229764352,0.000263279141709998,64.875,-0.598345504641029,-1.28305295507472,0.369044823192856,0.128310226980489,-0.464948527880056
jardines del ajusco,tlalpan,10,641.4,64744.3,0.288219178082192,0.440968957579204,0.000460738497992497,48.7,-0.643995992752503,-0.28231412283573,0.283846410123016,-1.24960460868196,-0.471044674388258
central de autobuses del sur taxquena,coyoacan,9,729,54799.1111111111,0.130289193302892,0.112852286255775,0.000592378068847496,12.7777777777778,-0.467049852992985,-1.562115210321,0.227047468076456,0.424612416286809,-0.478417542121544
prado churubusco,coyoacan,6,337.5,33132.8333333333,0.310502283105023,0.313602627335111,0.000658197854274995,24.5,-1.25785366253467,-0.101740800545981,0.198647997053177,-0.599717245012276,-0.488092188516014
churubusco tepeyac,gustavo a madero,11,396.909090909091,38964.6363636364,0.245828144458281,0.236492253356265,0.000197459356282499,20.4545454545455,-1.13785127323117,-0.625834012407809,0.397444294216136,-0.206261160027685,-0.490868958854005
olivar del conde 2a seccion,alvaro obregon,8,240.125,30213.75,0.299315068493151,0.175344305681901,0.00138221549397749,6.625,-1.45454464836895,-0.192397488990629,-0.113746184202902,0.105746561571466,-0.49568256573416
reforma iztaccihuatl norte,iztacalco,17,471.294117647059,33025.7647058824,0.192908944399678,0.174225367491991,6.58197854274995e-05,38.5882352941177,-0.987598495409348,-1.05466992902299,0.454243236262695,0.111455949515329,-0.499540690174095
cantera puente de piedra,tlalpan,5,743.4,54292.8,0.203835616438356,0.356291148192764,0.000263279141709998,39.4,-0.437962816320188,-0.966124572818224,0.369044823192856,-0.817535645102554,-0.510924381123463
guerrero,cuauhtemoc,115,1072.84347826087,141188.234782609,0.322858844550328,0.13548830649517,0.00855657210557494,71.6521739130435,0.227490970748414,-0.00160819559842154,-3.20928852574041,0.309112005077969,-0.51227047158749
rincon de san juan,tlalpan,9,546.555555555556,80669.1111111111,0.319025875190259,0.536080471992038,6.58197854274995e-05,20.5555555555556,-0.835575425652965,-0.0326690379214861,0.454243236262695,-1.73491160651983,-0.516607013123763
felipe angeles,venustiano carranza,5,270.6,16640,0.198904109589041,0.0642218550763264,0.000394918712564997,12.6,-1.39298718707704,-1.00608752119382,0.312245881146296,0.672749444752365,-0.522723347301526
ex-hipodromo de peralvillo,cuauhtemoc,24,447.291666666667,36266.9166666667,0.199086757990868,0.131485262978291,0.000855657210557494,75,-1.03608184068044,-1.00460741199473,0.113449583983337,0.329537555479348,-0.523609347910013
tacuba,miguel hidalgo,9,744.444444444445,61890.8888888889,0.249619482496195,0.110983283687566,0.00467320476535247,42.7777777777778,-0.435853108413365,-0.595110533578083,-1.5337197353669,0.434149011628905,-0.529203237345033
el centinela,coyoacan,15,464.333333333333,28545,0.139908675799087,0.0818859275586993,0.000131639570854999,27.0666666666667,-1.00165881406246,-1.48416279250193,0.425843765239416,0.582618422878381,-0.544054044345757
salvador diaz miron,gustavo a madero,5,553.6,44056.4,0.203835616438356,0.235961688566497,0.000789837425129994,14,-0.821346119132477,-0.966124572818224,0.141849055006617,-0.203553950423566,-0.5485821866686
morelos,cuauhtemoc,21,687.571428571429,88113.2380952381,0.300848010437052,0.15229877532731,0.00546304219048246,83.1428571428572,-0.550732795801629,-0.179975143926785,-1.87451338764625,0.22333650027671,-0.549447759392433
reforma pensil,miguel hidalgo,10,441.4,48605.6,0.247397260273973,0.32298663833525,0.000329098927137498,70.5,-1.04798261320802,-0.613118528833755,0.340645352169576,-0.647599210032704,-0.559721114185159
lorenzo boturini,venustiano carranza,20,420.95,31246.25,0.177397260273973,0.103634348183493,0.000855657210557494,30.7,-1.0892902451496,-1.18037037938741,0.113449583983337,0.471646993327577,-0.563878871898922
del lago,benito juarez,9,517,31541,0.143683409436834,0.126558346396028,0.000329098927137498,13.6666666666667,-0.895275670675837,-1.45357386905394,0.340645352169576,0.354677173010377,-0.565590356882943
tacubaya,miguel hidalgo,23,849.304347826087,60554.9130434783,0.250744490768314,0.0977687938708144,0.00618705983018495,36.5652173913044,-0.224043118471154,-0.585993918945968,-2.18690756890233,0.501576014768509,-0.580077422051901
anahuac,miguel hidalgo,47,848.744680851064,76711.8297872341,0.227572136403381,0.251201088295692,0.00375172776936747,70.4042553191489,-0.225173608320255,-0.773773360305878,-1.13612714104098,-0.28131306694152,-0.583172132184339
ajusco,coyoacan,13,472,59060.0769230769,0.293993677555321,0.149873578504719,0.00421246626735997,36.9230769230769,-0.986172660278329,-0.235519901233531,-1.33492343820394,0.235711079699648,-0.586350240154416
narvarte,benito juarez,159,789.861635220126,69674,0.271715344188852,0.248552277614302,0.00467320476535247,43.4968553459119,-0.344113421353109,-0.416054555938979,-1.5337197353669,-0.267797496638994,-0.588353839588805
penon de los banos,venustiano carranza,103,615.601941747573,62457.5825242718,0.250565234738662,0.347183199815066,0.00177713420654249,132.941747572816,-0.696106344591067,-0.587446537725157,-0.284143010342582,-0.771062291051464,-0.596106924973677
8 de agosto,alvaro obregon,9,682.333333333333,16253,0.0858447488584475,0.142809113227711,6.58197854274995e-05,21.7777777777778,-0.56131339776594,-1.92227511543444,0.454243236262695,0.271757550582587,-0.599876396591057
lomas de padierna,tlalpan,9,861.111111111111,41118,0.167732115677321,0.256992668080184,0.00250115184624498,28.6666666666667,-0.200194246480978,-1.25869282450626,-0.596537191598659,-0.31086463296696,-0.619146486209295
ampliacion san francisco culhuacan,coyoacan,6,766.333333333333,41431,0.145205479452055,0.292788056101769,0.00105311656683999,64.3333333333333,-0.391639017174621,-1.44123962572814,0.0282511709134985,-0.493510786846864,-0.642915516057501
ampliacion adolfo lopez mateos,venustiano carranza,17,726.235294117647,24701.7058823529,0.0984689766317486,0.150151884260996,0.00118475613769499,19.2941176470588,-0.472634373922812,-1.81997345020278,-0.0285477711330616,0.234291023128227,-0.646633696838645
aviacion civil,venustiano carranza,16,715,27567.8125,0.11541095890411,0.167776632928098,0.00138221549397749,54.6875,-0.495328916424872,-1.68268243883072,-0.113746184202902,0.144360651226545,-0.64728051317195
tlalpan centro ii,tlalpan,7,757.571428571429,30573.5714285714,0.128375733855186,0.286589843719237,0.000921476995984993,43.8571428571429,-0.409337478642197,-1.5776211162163,0.0850501129600574,-0.461884375871305,-0.671454431039798
guadalupe tepeyac,gustavo a madero,17,530.117647058824,40796,0.161321514907333,0.0987281824522893,0.00250115184624498,6,-0.868778901157725,-1.31064175521964,-0.596537191598659,0.496680729532963,-0.673797489326349
la nopalera,tlalpan,7,540.142857142857,69055.4285714286,0.317416829745597,0.687480461476548,6.58197854274995e-05,26.5714285714286,-0.848528647451698,-0.0457080951516203,0.454243236262695,-2.507430841683,-0.678908543865056
portales sur,benito juarez,81,702.246913580247,57412.1358024691,0.215626585489599,0.134339044314644,0.00519976304877246,21.7037037037037,-0.521089297840338,-0.870575301187674,-1.76091550355313,0.314976121341946,-0.706687256150641
del recreo,azcapotzalco,5,490.8,28299.8,0.185753424657534,0.307564545177673,0.000855657210557494,38.4,-0.94819791795551,-1.11265538352876,0.113449583983337,-0.568907899344564,-0.709347653517526
pensil norte,miguel hidalgo,7,509,33423.2857142857,0.244618395303327,0.442548834165276,0.00105311656683999,16.4285714285714,-0.911435135494058,-0.635637333077149,0.0282511709134985,-1.25766593719381,-0.710004693827423
zona centro,venustiano carranza,35,779.057142857143,58470.2,0.20454011741683,0.178519821724844,0.00500230369248996,97.0571428571429,-0.365937773130404,-0.960415580193138,-1.67571709048329,0.0895434744173949,-0.715140729210242
belisario dominguez,tlalpan,11,606.636363636364,20229,0.134495641344956,0.309828741101134,0.000329098927137498,38.3636363636364,-0.714216212598954,-1.52802784694788,0.340645352169576,-0.580460970840848,-0.720636341598303
lomas del pedregal framboyanes,tlalpan,9,515.555555555556,67075.2222222222,0.300152207001522,0.677290201678459,0.000131639570854999,22.2222222222222,-0.898193351823571,-0.185613655161438,0.425843765239416,-2.45543498797035,-0.731060346641689
nextengo,azcapotzalco,8,497,19603.375,0.0801369863013699,0.116772615364039,0.000460738497992497,48.875,-0.935674332721389,-1.9685285279062,0.283846410123016,0.404608916586343,-0.733569792846404
san francisco tetecala,azcapotzalco,57,452.263157894737,10125.4912280702,0.049267003124249,0.0513774839132446,0.000460738497992497,77.7543859649123,-1.02603976098118,-2.21868645767451,0.283846410123016,0.738287915533243,-0.768991000465455
del valle centro,benito juarez,155,926.587096774194,111828.922580645,0.318002651347768,0.379246603079398,0.00750345553873494,49.8838709677419,-0.0679371356358638,-0.0409608324669612,-2.75489698936793,-0.934665973263238,-0.770581982957081
los girasoles,coyoacan,5,535,44171.8,0.13041095890411,0.191135627953682,0.00177713420654249,3.2,-0.85891687483484,-1.56112847085494,-0.284143010342582,0.0251712574043576,-0.777807954294579
centro de azcapotzalco,azcapotzalco,10,448.9,11666.6,0.0775342465753425,0.0569443481023874,0.00138221549397749,45.2,-1.03283311494094,-1.98962008399332,-0.113746184202902,0.709882962003878,-0.787508604120083
miguel hidalgo 2a seccion,tlalpan,9,308.222222222222,39070.6666666667,0.463622526636225,0.987171128294583,0.000526558283419996,9.88888888888889,-1.31699281502913,1.13908407802976,0.255446939099737,-4.03660403055891,-0.809604039391646
los angeles apanoaya,iztapalapa,7,597.142857142857,2384,0.010958904109589,0.0824396822457951,0.000592378068847496,0.571428571428571,-0.733392460621875,-2.52911988706392,0.227047468076456,0.579792886702323,-0.817385633349984
los volcanes,tlalpan,12,331,15509.5833333333,0.100684931506849,0.230643289087802,6.58197854274995e-05,14.6666666666667,-1.27098322769947,-1.80201624300786,0.454243236262695,-0.1764167893738,-0.866334551834421
lindavista,gustavo a madero,31,697.903225806452,37799.5806451613,0.151480335837384,0.252113026639252,0.00401500691107747,40,-0.529863256560586,-1.39039071292048,-1.2497250251341,-0.285966237090881,-0.883214443289314
agricola pantitlan,iztacalco,43,654.372093023256,78639.7906976744,0.363873845173622,0.212177139045197,0.0102020667412624,97.1860465116279,-0.617793232649004,0.330760875887626,-3.91927530132239,-0.082193162569777,-0.886403399806847
barros sierra,la magdalena contreras,5,392,17211.2,0.155068493150685,0.43468550013606,0.000263279141709998,28.2,-1.14776730846054,-1.36131372897694,0.369044823192856,-1.21754323434049,-0.922423993460768
agricola oriental,iztacalco,19,756,61325.6315789474,0.22984859408796,0.13855120315683,0.00862239189100244,71.0526315789474,-0.41251165923149,-0.755325862673245,-3.23768799676369,0.293483558903659,-0.939192144143426
tepeyac insurgentes,gustavo a madero,31,376.645161290323,14822.1935483871,0.0758285461776403,0.0834128770450361,0.00296189034423748,88.5483870967742,-1.17878305545035,-2.00344239409456,-0.795333488761619,0.574827155168693,-0.998768901582057
popular santa teresa,tlalpan,6,471.333333333333,33102.6666666667,0.205936073059361,0.687262497749454,0.000263279141709998,2.16666666666667,-0.987519282346514,-0.949103317028617,0.369044823192856,-2.50631868062988,-1.00844155129994
pedregal de santo domingo,coyoacan,22,507.318181818182,58649.1363636364,0.252428393524284,0.341940053798638,0.00697689725531495,18.0454545454545,-0.914832295711524,-0.572348248167738,-2.52770122118169,-0.744309111185002,-1.10055622963712
selene 2a seccion,tlahuac,6,275,22163.1666666667,0.241552511415525,0.845309795210581,0.000789837425129994,52.1666666666667,-1.38409948142702,-0.660482023204837,0.141849055006617,-3.31275583937728,-1.24755580826369
pedregal de santa ursula xitla,tlalpan,6,570.166666666667,1787.16666666667,0.00684931506849315,0.554214556543252,0.000460738497992497,9.16666666666667,-0.787882560738078,-2.56242234404359,0.283846410123016,-1.82744086742392,-1.31381036289468
heroes de 1910,tlalpan,7,1190.57142857143,249284.571428571,0.441095890410959,2.31679844310896,0.000394918712564997,44.4285714285714,0.465293554644005,0.956537276807879,0.312245881146296,-10.8210343319728,-1.67520844072974
santo tomas ajusco,tlalpan,23,2249.60869565217,116743.52173913,0.153543776057177,2.39459153121766,0.00144803527940499,32.6521739130435,2.60447798696601,-1.3736694231607,-0.142145655226182,-11.217973969362,-1.90278135577605
centro,cuauhtemoc,712,1142.33848314607,132145.53511236,0.320217023241496,0.137633946497289,0.0350819456328572,106.893258426966,0.367866231558969,-0.0230164531165182,-14.6542753481222,0.298163865788023,-2.76776736293409
